,series_id,year,series_name,match_type,url
0,14028,2023,ICC World Test Championship,Tests,https://www.espncricinfo.com/series/icc-world-test-championship-2021-2023-1268315/match-schedule-fixtures
1,15293,2023,Ireland in Sri Lanka Test Series,Tests,https://www.espncricinfo.com/series/ireland-in-sri-lanka-test-series-2023-1363446/match-schedule-fixtures
2,14988,2023,Ireland in England Test Match,Tests,https://www.espncricinfo.com/series/ireland-in-england-test-match-2023-1336036/match-schedule-fixtures
3,15413,2023,Afghanistan in Bangladesh Test Match,Tests,https://www.espncricinfo.com/series/afghanistan-in-bangladesh-test-match-2023-1377002/match-schedule-fixtures
4,15144,2023,ICC World Test Championship,Tests,https://www.espncricinfo.com/series/icc-world-test-championship-2023-2025-1345943/match-schedule-fixtures
5,14990,2023,The Ashes,Tests,https://www.espncricinfo.com/series/the-ashes-2023-1336038/match-schedule-fixtures
6,15493,2023,India in West Indies Test Series,Tests,https://www.espncricinfo.com/series/india-in-west-indies-test-series-2023-1381202/match-schedule-fixtures
7,15567,2023,Pakistan in Sri Lanka Test Series,Tests,https://www.espncricinfo.com/series/pakistan-in-sri-lanka-test-series-2023-1385665/match-schedule-fixtures
8,13703,2023,ICC Men's Cricket World Cup Super League,One-Day Internationals,https://www.espncricinfo.com/series/icc-mens-cricket-world-cup-super-league-2020-2022-23-1227837/match-schedule-fixtures
9,15306,2023,ICC Cricket World Cup Qualifier Play-off,One-Day Internationals,https://www.espncricinfo.com/series/icc-cricket-world-cup-qualifier-play-off-2023-1365085/match-schedule-fixtures
10,15058,2023,New Zealand in Pakistan ODI Series,One-Day Internationals,https://www.espncricinfo.com/series/new-zealand-in-pakistan-odi-series-2023-1339585/match-schedule-fixtures
11,15297,2023,Ireland v Bangladesh ODI Series,One-Day Internationals,https://www.espncricinfo.com/series/ireland-v-bangladesh-odi-series-2023-1364122/match-schedule-fixtures
12,15411,2023,Afghanistan in Sri Lanka ODI Series,One-Day Internationals,https://www.espncricinfo.com/series/afghanistan-in-sri-lanka-odi-series-2023-1376999/match-schedule-fixtures
13,15409,2023,West Indies in United Arab Emirates ODI Series,One-Day Internationals,https://www.espncricinfo.com/series/west-indies-in-united-arab-emirates-odi-series-2023-1376997/match-schedule-fixtures
14,15419,2023,ICC Cricket World Cup Qualifier,One-Day Internationals,https://www.espncricinfo.com/series/icc-cricket-world-cup-qualifier-2023-1377745/match-schedule-fixtures
15,15414,2023,Afghanistan in Bangladesh ODI Series,One-Day Internationals,https://www.espncricinfo.com/series/afghanistan-in-bangladesh-odi-series-2023-1377003/match-schedule-fixtures
16,15494,2023,India in West Indies ODI Series,One-Day Internationals,https://www.espncricinfo.com/series/india-in-west-indies-odi-series-2023-1381203/match-schedule-fixtures
17,15642,2023,Afghanistan v Pakistan ODI Series,One-Day Internationals,https://www.espncricinfo.com/series/afghanistan-v-pakistan-odi-series-2023-1390343/match-schedule-fixtures
18,15623,2023,Asia Cup,One-Day Internationals,https://www.espncricinfo.com/series/asia-cup-2023-1388374/match-schedule-fixtures
19,14993,2023,New Zealand in England ODI Series,One-Day Internationals,https://www.espncricinfo.com/series/new-zealand-in-england-odi-series-2023-1336041/match-schedule-fixtures
20,15001,2023,Ireland in England ODI Series,One-Day Internationals,https://www.espncricinfo.com/series/ireland-in-england-odi-series-2023-1336126/match-schedule-fixtures
21,15764,2023,New Zealand in Bangladesh ODI Series,One-Day Internationals,https://www.espncricinfo.com/series/new-zealand-in-bangladesh-odi-series-2023-1395687/match-schedule-fixtures
22,15324,2023,Gibraltar in Portugal T20I Series,Twenty20 Internationals,https://www.espncricinfo.com/series/gibraltar-in-portugal-t20i-series-2023-1367716/match-schedule-fixtures
23,15057,2023,New Zealand in Pakistan T20I Series,Twenty20 Internationals,https://www.espncricinfo.com/series/new-zealand-in-pakistan-t20i-series-2023-1339584/match-schedule-fixtures
24,15355,2023,SEA Games Men's Twenty20 Cricket Competition,Twenty20 Internationals,https://www.espncricinfo.com/series/sea-games-mens-twenty20-cricket-competition-2023-1370773/match-schedule-fixtures
25,15325,2023,Gibraltar Tri-Nation T20I Series,Twenty20 Internationals,https://www.espncricinfo.com/series/gibraltar-tri-nation-t20i-series-2023-1367717/match-schedule-fixtures
26,15351,2023,Nordic T20 Cup,Twenty20 Internationals,https://www.espncricinfo.com/series/nordic-t20-cup-2023-1370766/match-schedule-fixtures
27,15442,2023,Southern Africa Cup,Twenty20 Internationals,https://www.espncricinfo.com/series/southern-africa-cup-2023-1378432/match-schedule-fixtures
28,15452,2023,Africa Continental Cup,Twenty20 Internationals,https://www.espncricinfo.com/series/africa-continental-cup-2023-1379384/match-schedule-fixtures
29,15483,2023,Belgium in Germany T20I Series,Twenty20 Internationals,https://www.espncricinfo.com/series/belgium-in-germany-t20i-series-2023-1380578/match-schedule-fixtures
30,15485,2023,Central Europe Cup,Twenty20 Internationals,https://www.espncricinfo.com/series/central-europe-cup-2023-1380580/match-schedule-fixtures
31,15504,2023,Quadrangular Twenty20 Series (Bulgaria),Twenty20 Internationals,https://www.espncricinfo.com/series/quadrangular-twenty20-series-(bulgaria)-2023-1381444/match-schedule-fixtures
32,15500,2023,Switzerland in Luxembourg T20I Series,Twenty20 Internationals,https://www.espncricinfo.com/series/switzerland-in-luxembourg-t20i-series-2023-1381439/match-schedule-fixtures
33,15503,2023,Austria v Germany T20I Series,Twenty20 Internationals,https://www.espncricinfo.com/series/austria-v-germany-t20i-series-2023-1381442/match-schedule-fixtures
34,15523,2023,Inter-Insular T20 Series,Twenty20 Internationals,https://www.espncricinfo.com/series/inter-insular-t20-series-2023-1383033/match-schedule-fixtures
35,15525,2023,Austria in Isle of Man T20I Series,Twenty20 Internationals,https://www.espncricinfo.com/series/austria-in-isle-of-man-t20i-series-2023-1383036/match-schedule-fixtures
36,15555,2023,Mdina Cup,Twenty20 Internationals,https://www.espncricinfo.com/series/mdina-cup-2023-1384560/match-schedule-fixtures
37,15560,2023,Valletta Cup,Twenty20 Internationals,https://www.espncricinfo.com/series/valletta-cup-2023-1384569/match-schedule-fixtures
38,15415,2023,Afghanistan in Bangladesh T20I Series,Twenty20 Internationals,https://www.espncricinfo.com/series/afghanistan-in-bangladesh-t20i-series-2023-1377004/match-schedule-fixtures
39,15526,2023,ICC Men's T20 World Cup Europe Region Qualifier,Twenty20 Internationals,https://www.espncricinfo.com/series/icc-mens-t20-world-cup-europe-region-qualifier-2023-1383037/match-schedule-fixtures
40,15533,2023,ICC Men's T20 World Cup East Asia-Pacific Qualifier,Twenty20 Internationals,https://www.espncricinfo.com/series/icc-mens-t20-world-cup-east-asia-pacific-qualifier-2023-1383050/match-schedule-fixtures
41,15537,2023,ICC Men's T20 World Cup Asia B Qualifier,Twenty20 Internationals,https://www.espncricinfo.com/series/icc-mens-t20-world-cup-asia-b-qualifier-2023-1383057/match-schedule-fixtures
42,15495,2023,West Indies v India T20I Series,Twenty20 Internationals,https://www.espncricinfo.com/series/west-indies-v-india-t20i-series-2023-1381204/match-schedule-fixtures
43,15639,2023,Budapest Cup,Twenty20 Internationals,https://www.espncricinfo.com/series/budapest-cup-2023-1390166/match-schedule-fixtures
44,15591,2023,Germany v Guernsey T20I Series,Twenty20 Internationals,https://www.espncricinfo.com/series/germany-v-guernsey-t20i-series-2023-1387241/match-schedule-fixtures
45,15565,2023,India in Ireland T20I Series,Twenty20 Internationals,https://www.espncricinfo.com/series/india-in-ireland-t20i-series-2023-1384632/match-schedule-fixtures
46,15418,2023,New Zealand in United Arab Emirates T20I Series,Twenty20 Internationals,https://www.espncricinfo.com/series/new-zealand-in-united-arab-emirates-t20i-series-2023-1377726/match-schedule-fixtures
47,15652,2023,Continental Cup,Twenty20 Internationals,https://www.espncricinfo.com/series/continental-cup-2023-1391323/match-schedule-fixtures
48,15694,2023,East Africa Cup,Twenty20 Internationals,https://www.espncricinfo.com/series/east-africa-cup-2023-1393305/match-schedule-fixtures
49,14992,2023,New Zealand in England T20I Series,Twenty20 Internationals,https://www.espncricinfo.com/series/new-zealand-in-england-t20i-series-2023-1336040/match-schedule-fixtures
50,15685,2023,Gulf Cricket T20I Championship,Twenty20 Internationals,https://www.espncricinfo.com/series/gulf-cricket-t20i-championship-2023-1392788/match-schedule-fixtures
51,15789,2023,Asian Games Men's Cricket Competition,Twenty20 Internationals,https://www.espncricinfo.com/series/asian-games-mens-cricket-competition-2023-1398685/match-schedule-fixtures
52,15786,2023,Malaysia Tri-Nation T20I Series,Twenty20 Internationals,https://www.espncricinfo.com/series/malaysia-tri-nation-t20i-series-2023-1398291/match-schedule-fixtures
53,15656,2023,Estonia in Gibraltar T20I Series,Twenty20 Internationals,https://www.espncricinfo.com/series/estonia-in-gibraltar-t20i-series-2023-1391327/match-schedule-fixtures
54,15320,2023,Australia A in New Zealand unofficial Test Series,First-class,https://www.espncricinfo.com/series/australia-a-in-new-zealand-unofficial-test-series-2023-1365974/match-schedule-fixtures
55,15156,2023,County Championship Division One,First-class,https://www.espncricinfo.com/series/county-championship-division-one-2023-1347099/match-schedule-fixtures
56,15155,2023,County Championship Division Two,First-class,https://www.espncricinfo.com/series/county-championship-division-two-2023-1347098/match-schedule-fixtures
57,15349,2023,Headley Weekes Tri-Series,First-class,https://www.espncricinfo.com/series/headley-weekes-tri-series-2023-1368987/match-schedule-fixtures
58,15379,2023,Pakistan Shaheens in Zimbabwe unofficial Test Series,First-class,https://www.espncricinfo.com/series/pakistan-shaheens-in-zimbabwe-unofficial-test-series-2023-1372291/match-schedule-fixtures
59,15403,2023,West Indies A in Bangladesh unofficial Test Series,First-class,https://www.espncricinfo.com/series/west-indies-a-in-bangladesh-unofficial-test-series-2023-1376069/match-schedule-fixtures
60,15470,2023,South Africa A in Sri Lanka unofficial Test Series,First-class,https://www.espncricinfo.com/series/south-africa-a-in-sri-lanka-unofficial-test-series-2023-1379630/match-schedule-fixtures
61,15521,2023,Major League Tournament,First-class,https://www.espncricinfo.com/series/major-league-tournament-2023-2023-24-1382912/match-schedule-fixtures
62,15496,2023,Duleep Trophy,First-class,https://www.espncricinfo.com/series/duleep-trophy-2023-1381384/match-schedule-fixtures
63,15657,2023,Ahmad Shah Abdali 4-day Tournament,First-class,https://www.espncricinfo.com/series/ahmad-shah-abdali-4-day-tournament-2023-1391376/match-schedule-fixtures
64,15683,2023,New Zealand A in Australia unofficial Test Series,First-class,https://www.espncricinfo.com/series/new-zealand-a-in-australia-unofficial-test-series-2023-1392779/match-schedule-fixtures
65,15295,2023,Dhaka Premier Division Cricket League,List A,https://www.espncricinfo.com/series/dhaka-premier-division-cricket-league-2023-1363568/match-schedule-fixtures
66,15372,2023,Green Afghanistan One Day Cup,List A,https://www.espncricinfo.com/series/green-afghanistan-one-day-cup-2023-1371352/match-schedule-fixtures
67,15387,2023,Cricket Ireland Inter-Provincial Limited Over Cup,List A,https://www.espncricinfo.com/series/cricket-ireland-inter-provincial-limited-over-cup-2023-1375520/match-schedule-fixtures
68,15380,2023,Pakistan Shaheens in Zimbabwe unofficial ODI Series,List A,https://www.espncricinfo.com/series/pakistan-shaheens-in-zimbabwe-unofficial-odi-series-2023-1372292/match-schedule-fixtures
69,15469,2023,South Africa A in Sri Lanka unofficial ODI Series,List A,https://www.espncricinfo.com/series/south-africa-a-in-sri-lanka-unofficial-odi-series-2023-1379629/match-schedule-fixtures
70,15580,2023,ACC Men's Emerging Cup,List A,https://www.espncricinfo.com/series/acc-mens-emerging-cup-2023-1386983/match-schedule-fixtures
71,15544,2023,Deodhar Trophy,List A,https://www.espncricinfo.com/series/deodhar-trophy-2023-1383408/match-schedule-fixtures
72,15159,2023,One-Day Cup,List A,https://www.espncricinfo.com/series/one-day-cup-2023-1347398/match-schedule-fixtures
73,15684,2023,New Zealand A in Australia unofficial ODI Series,List A,https://www.espncricinfo.com/series/new-zealand-a-in-australia-unofficial-odi-series-2023-1392781/match-schedule-fixtures
74,15129,2023,Indian Premier League,Twenty20,https://www.espncricinfo.com/series/indian-premier-league-2023-1345038/match-schedule-fixtures
75,15160,2023,Vitality Blast,Twenty20,https://www.espncricinfo.com/series/vitality-blast-2023-1347399/match-schedule-fixtures
76,15416,2023,Major Clubs T20 Tournament,Twenty20,https://www.espncricinfo.com/series/major-clubs-t20-tournament-2023-1377033/match-schedule-fixtures
77,15388,2023,Cricket Ireland Inter-Provincial Twenty20 Trophy,Twenty20,https://www.espncricinfo.com/series/cricket-ireland-inter-provincial-twenty20-trophy-2023-1375523/match-schedule-fixtures
78,15520,2023,Lanka Premier League,Twenty20,https://www.espncricinfo.com/series/lanka-premier-league-2023-1382875/match-schedule-fixtures
79,15216,2023,The Hundred Men's Competition,Twenty20,https://www.espncricinfo.com/series/the-hundred-mens-competition-2023-1355567/match-schedule-fixtures
80,15350,2023,Caribbean Premier League,Twenty20,https://www.espncricinfo.com/series/caribbean-premier-league-2023-1369538/match-schedule-fixtures
81,14537,2023,ICC Women's Championship,Women's One-Day Internationals,https://www.espncricinfo.com/series/icc-womens-championship-2022-23-2025-1308225/match-schedule-fixtures
82,15348,2023,Zimbabwe Women in Thailand ODI Series,Women's One-Day Internationals,https://www.espncricinfo.com/series/zimbabwe-women-in-thailand-odi-series-2023-1368829/match-schedule-fixtures
83,15346,2023,Bangladesh Women in Sri Lanka ODI Series,Women's One-Day Internationals,https://www.espncricinfo.com/series/bangladesh-women-in-sri-lanka-odi-series-2023-1368819/match-schedule-fixtures
84,15434,2023,Ireland Women in West Indies ODI Series,Women's One-Day Internationals,https://www.espncricinfo.com/series/ireland-women-in-west-indies-odi-series-2023-1378180/match-schedule-fixtures
85,15480,2023,New Zealand Women in Sri Lanka ODI Series,Women's One-Day Internationals,https://www.espncricinfo.com/series/new-zealand-women-in-sri-lanka-odi-series-2023-1379755/match-schedule-fixtures
86,15554,2023,Thailand Women in Netherlands ODI Series,Women's One-Day Internationals,https://www.espncricinfo.com/series/thailand-women-in-netherlands-odi-series-2023-1384541/match-schedule-fixtures
87,15515,2023,India Women in Bangladesh ODI Series,Women's One-Day Internationals,https://www.espncricinfo.com/series/india-women-in-bangladesh-odi-series-2023-1381945/match-schedule-fixtures
88,15437,2023,Australia Women in Ireland ODI Series,Women's One-Day Internationals,https://www.espncricinfo.com/series/australia-women-in-ireland-odi-series-2023-1378185/match-schedule-fixtures
89,15512,2023,South Africa Women in Pakistan ODI Series,Women's One-Day Internationals,https://www.espncricinfo.com/series/south-africa-women-in-pakistan-odi-series-2023-1381904/match-schedule-fixtures
90,15000,2023,Sri Lanka Women in England ODI Series,Women's One-Day Internationals,https://www.espncricinfo.com/series/sri-lanka-women-in-england-odi-series-2023-1336071/match-schedule-fixtures
91,15339,2023,Victoria Women T20 Series,Women's Twenty20 Internationals,https://www.espncricinfo.com/series/victoria-women-t20-series-2023-1368801/match-schedule-fixtures
92,15368,2023,Women's T20 Quadrangular Series (in Namibia),Women's Twenty20 Internationals,https://www.espncricinfo.com/series/womens-t20-quadrangular-series-(in-namibia)-2023-1370895/match-schedule-fixtures
93,15318,2023,Zimbabwe Women in Thailand T20I Series,Women's Twenty20 Internationals,https://www.espncricinfo.com/series/zimbabwe-women-in-thailand-t20i-series-2023-1365308/match-schedule-fixtures
94,15361,2023,SEA Games Women's Twenty20 Cricket Competition,Women's Twenty20 Internationals,https://www.espncricinfo.com/series/sea-games-womens-twenty20-cricket-competition-2023-1370808/match-schedule-fixtures
95,15243,2023,France Women in Austria T20I Series,Women's Twenty20 Internationals,https://www.espncricinfo.com/series/france-women-in-austria-t20i-series-2023-1357679/match-schedule-fixtures
96,15347,2023,Bangladesh Women in Sri Lanka T20I Series,Women's Twenty20 Internationals,https://www.espncricinfo.com/series/bangladesh-women-in-sri-lanka-t20i-series-2023-1368820/match-schedule-fixtures
97,15422,2023,Women's Twenty20 East Asia Cup,Women's Twenty20 Internationals,https://www.espncricinfo.com/series/womens-twenty20-east-asia-cup-2023-1377984/match-schedule-fixtures
98,15425,2023,ICC Women's T20 World Cup Europe Division 2 Qualifier,Women's Twenty20 Internationals,https://www.espncricinfo.com/series/icc-womens-t20-world-cup-europe-division-2-qualifier-2023-1377992/match-schedule-fixtures
99,15405,2023,Nepal Women in Malaysia T20I Series,Women's Twenty20 Internationals,https://www.espncricinfo.com/series/nepal-women-in-malaysia-t20i-series-2023-1376120/match-schedule-fixtures
100,15487,2023,Kwibuka Women's Twenty20 Tournament,Women's Twenty20 Internationals,https://www.espncricinfo.com/series/kwibuka-womens-twenty20-tournament-2023-1380681/match-schedule-fixtures
101,15498,2023,Argentina Women in Brazil T20I Series,Women's Twenty20 Internationals,https://www.espncricinfo.com/series/argentina-women-in-brazil-t20i-series-2023-1381430/match-schedule-fixtures
102,15519,2023,Inter-Insular Women's Twenty20 Series,Women's Twenty20 Internationals,https://www.espncricinfo.com/series/inter-insular-womens-twenty20-series-2023-1382635/match-schedule-fixtures
103,15435,2023,Ireland Women in West Indies T20I Series,Women's Twenty20 Internationals,https://www.espncricinfo.com/series/ireland-women-in-west-indies-t20i-series-2023-1378181/match-schedule-fixtures
104,15481,2023,New Zealand Women in Sri Lanka T20I Series,Women's Twenty20 Internationals,https://www.espncricinfo.com/series/new-zealand-women-in-sri-lanka-t20i-series-2023-1379756/match-schedule-fixtures
105,15514,2023,India Women in Bangladesh T20I Series,Women's Twenty20 Internationals,https://www.espncricinfo.com/series/india-women-in-bangladesh-t20i-series-2023-1381944/match-schedule-fixtures
106,15551,2023,Netherlands Women's T20I Tri-Series,Women's Twenty20 Internationals,https://www.espncricinfo.com/series/netherlands-womens-t20i-tri-series-2023-1384537/match-schedule-fixtures
107,15598,2023,Isle of Man Women in Austria T20I Series,Women's Twenty20 Internationals,https://www.espncricinfo.com/series/isle-of-man-women-in-austria-t20i-series-2023-1387920/match-schedule-fixtures
108,15601,2023,Women's Continental Cup,Women's Twenty20 Internationals,https://www.espncricinfo.com/series/womens-continental-cup-2023-1387931/match-schedule-fixtures
109,15440,2023,Ireland Women in Netherlands T20I Series,Women's Twenty20 Internationals,https://www.espncricinfo.com/series/ireland-women-in-netherlands-t20i-series-2023-1378189/match-schedule-fixtures
110,15699,2023,Women's T20 Quadrangular Series (in Malaysia),Women's Twenty20 Internationals,https://www.espncricinfo.com/series/womens-t20-quadrangular-series-(in-malaysia)-2023-1393583/match-schedule-fixtures
111,15666,2023,Jersey Women in Netherlands T20I Series,Women's Twenty20 Internationals,https://www.espncricinfo.com/series/jersey-women-in-netherlands-t20i-series-2023-1391706/match-schedule-fixtures
112,15704,2023,Myanmar Women in Singapore T20I Series,Women's Twenty20 Internationals,https://www.espncricinfo.com/series/myanmar-women-in-singapore-t20i-series-2023-1393859/match-schedule-fixtures
113,15698,2023,Nordic Women T20 Cup,Women's Twenty20 Internationals,https://www.espncricinfo.com/series/nordic-women-t20-cup-2023-1393581/match-schedule-fixtures
114,15600,2023,Guernsey Women in Austria T20I Series,Women's Twenty20 Internationals,https://www.espncricinfo.com/series/guernsey-women-in-austria-t20i-series-2023-1387923/match-schedule-fixtures
115,15709,2023,Japan Women in Vanuatu T20I Series,Women's Twenty20 Internationals,https://www.espncricinfo.com/series/japan-women-in-vanuatu-t20i-series-2023-1393865/match-schedule-fixtures
116,15726,2023,ICC Women's T20 World Cup Asia Region Qualifier,Women's Twenty20 Internationals,https://www.espncricinfo.com/series/icc-womens-t20-world-cup-asia-region-qualifier-2023-1394741/match-schedule-fixtures
117,14999,2023,Sri Lanka Women in England T20I Series,Women's Twenty20 Internationals,https://www.espncricinfo.com/series/sri-lanka-women-in-england-t20i-series-2023-1336070/match-schedule-fixtures
118,15735,2023,ICC Women's T20 World Cup East Asia-Pacific Region Qualifier,Women's Twenty20 Internationals,https://www.espncricinfo.com/series/icc-womens-t20-world-cup-east-asia-pacific-region-qualifier-2023-1394785/match-schedule-fixtures
119,15516,2023,South Africa Women in Pakistan T20I Series,Women's Twenty20 Internationals,https://www.espncricinfo.com/series/south-africa-women-in-pakistan-t20i-series-2023-1381949/match-schedule-fixtures
120,15741,2023,ICC Women's T20 World Cup Africa Region Division Two Qualifier,Women's Twenty20 Internationals,https://www.espncricinfo.com/series/icc-womens-t20-world-cup-africa-region-division-two-qualifier-2023-1394907/match-schedule-fixtures
121,15759,2023,Greece Women's T20I Cricket Championship,Women's Twenty20 Internationals,https://www.espncricinfo.com/series/greece-womens-t20i-cricket-championship-2023-1395044/match-schedule-fixtures
122,15750,2023,ICC Women's T20 World Cup Americas Region Qualifier,Women's Twenty20 Internationals,https://www.espncricinfo.com/series/icc-womens-t20-world-cup-americas-region-qualifier-2023-1395001/match-schedule-fixtures
123,15754,2023,ICC Women's T20 World Cup Europe Region Qualifier,Women's Twenty20 Internationals,https://www.espncricinfo.com/series/icc-womens-t20-world-cup-europe-region-qualifier-2023-1395020/match-schedule-fixtures
124,15790,2023,Asian Games Women's Cricket Competition,Women's Twenty20 Internationals,https://www.espncricinfo.com/series/asian-games-womens-cricket-competition-2023-1398686/match-schedule-fixtures
125,15407,2023,Second Eleven Championship,Other matches,https://www.espncricinfo.com/series/second-eleven-championship-2023-1376131/match-schedule-fixtures
126,15432,2023,Mirwais Nika 3-day Regional,Other matches,https://www.espncricinfo.com/series/mirwais-nika-3-day-regional-2023-1378163/match-schedule-fixtures
127,15328,2023,ACC Men's Premier Cup,Other one-day/limited-overs matches,https://www.espncricinfo.com/series/acc-mens-premier-cup-2023-1367844/match-schedule-fixtures
128,15157,2023,Rachael Heyhoe Flint Trophy,Other one-day/limited-overs matches,https://www.espncricinfo.com/series/rachael-heyhoe-flint-trophy-2023-1347396/match-schedule-fixtures
129,15420,2023,Women's Super50 Cup,Other one-day/limited-overs matches,https://www.espncricinfo.com/series/womens-super50-cup-2023-1377881/match-schedule-fixtures
130,15517,2023,Karnataka in Namibia unofficial ODI Series,Other one-day/limited-overs matches,https://www.espncricinfo.com/series/karnataka-in-namibia-unofficial-odi-series-2023-1381952/match-schedule-fixtures
131,15453,2023,ICC Cricket World Cup Qualifier Warm-up Matches,Other one-day/limited-overs matches,https://www.espncricinfo.com/series/icc-cricket-world-cup-qualifier-warm-up-matches-2023-1379547/match-schedule-fixtures
132,15543,2023,Australia A Women in England unofficial ODI Series,Other one-day/limited-overs matches,https://www.espncricinfo.com/series/australia-a-women-in-england-unofficial-odi-series-2023-1383398/match-schedule-fixtures
133,15563,2023,Uganda in Namibia unofficial ODI Series,Other one-day/limited-overs matches,https://www.espncricinfo.com/series/uganda-in-namibia-unofficial-odi-series-2023-1384573/match-schedule-fixtures
134,15676,2023,Zimbabwe Emerging Players in South Africa unofficial ODI Series,Other one-day/limited-overs matches,https://www.espncricinfo.com/series/zimbabwe-emerging-players-in-south-africa-unofficial-odi-series-2023-1392315/match-schedule-fixtures
135,15321,2023,FairBreak Invitational Tournament,Other Twenty20 matches,https://www.espncricinfo.com/series/fairbreak-invitational-tournament-2023-1366009/match-schedule-fixtures
136,15322,2023,FairBreak Invitational Tournament exhibition,Other Twenty20 matches,https://www.espncricinfo.com/series/fairbreak-invitational-tournament-exhibition-2023-1366057/match-schedule-fixtures
137,15406,2023,Second Eleven Twenty20,Other Twenty20 matches,https://www.espncricinfo.com/series/second-eleven-twenty20-2023-1376130/match-schedule-fixtures
138,15421,2023,Women's T20 Blaze,Other Twenty20 matches,https://www.espncricinfo.com/series/womens-t20-blaze-2023-1377885/match-schedule-fixtures
139,15448,2023,Mahendra Narayan Nidhi T20 Cricket,Other Twenty20 matches,https://www.espncricinfo.com/series/mahendra-narayan-nidhi-t20-cricket-2023-1378823/match-schedule-fixtures
140,15471,2023,Asian Cricket Council Women's Emerging Teams Cup,Other Twenty20 matches,https://www.espncricinfo.com/series/asian-cricket-council-womens-emerging-teams-cup-2023-1379666/match-schedule-fixtures
141,15467,2023,Tamil Nadu Premier League,Other Twenty20 matches,https://www.espncricinfo.com/series/tamil-nadu-premier-league-2023-1379595/match-schedule-fixtures
142,15510,2023,Saptari Premier League,Other Twenty20 matches,https://www.espncricinfo.com/series/saptari-premier-league-2023-1381861/match-schedule-fixtures
143,15542,2023,Australia A Women in England unofficial T20I Series,Other Twenty20 matches,https://www.espncricinfo.com/series/australia-a-women-in-england-unofficial-t20i-series-2023-1383397/match-schedule-fixtures
144,15550,2023,Pondicherry T20 Tournament,Other Twenty20 matches,https://www.espncricinfo.com/series/pondicherry-t20-tournament-2023-1384501/match-schedule-fixtures
145,15562,2023,Uganda in Namibia unofficial T20I Series,Other Twenty20 matches,https://www.espncricinfo.com/series/uganda-in-namibia-unofficial-t20i-series-2023-1384572/match-schedule-fixtures
146,15244,2023,Major League Cricket,Other Twenty20 matches,https://www.espncricinfo.com/series/major-league-cricket-2023-1357742/match-schedule-fixtures
147,15592,2023,Global T20 Canada,Other Twenty20 matches,https://www.espncricinfo.com/series/global-t20-canada-2023-1387246/match-schedule-fixtures
148,15622,2023,Zimbabwe Afro T10,Other Twenty20 matches,https://www.espncricinfo.com/series/zimbabwe-afro-t10-2023-1388273/match-schedule-fixtures
149,15624,2023,Kabul Premier League,Other Twenty20 matches,https://www.espncricinfo.com/series/kabul-premier-league-2023-1389068/match-schedule-fixtures
150,15643,2023,Maharaja T20 Trophy,Other Twenty20 matches,https://www.espncricinfo.com/series/maharaja-t20-trophy-2023-1390842/match-schedule-fixtures
151,15664,2023,Andhra Premier League,Other Twenty20 matches,https://www.espncricinfo.com/series/andhra-premier-league-2023-1391663/match-schedule-fixtures
152,15673,2023,US Masters T10,Other Twenty20 matches,https://www.espncricinfo.com/series/us-masters-t10-2023-1392256/match-schedule-fixtures
153,15767,2023,Saurashtra Premier League,Other Twenty20 matches,https://www.espncricinfo.com/series/saurashtra-premier-league-2023-1395713/match-schedule-fixtures
154,15375,2023,Pakistan Under-19s in Bangladesh Youth Test Match,Youth Tests,https://www.espncricinfo.com/series/pakistan-under-19s-in-bangladesh-youth-test-match-2023-1372071/match-schedule-fixtures
155,15719,2023,West Indies Under-19s in Sri Lanka Youth Test Series,Youth Tests,https://www.espncricinfo.com/series/west-indies-under-19s-in-sri-lanka-youth-test-series-2023-1394019/match-schedule-fixtures
156,15451,2023,Australia Under-19s in England Youth Test Series,Youth Tests,https://www.espncricinfo.com/series/australia-under-19s-in-england-youth-test-series-2023-1378855/match-schedule-fixtures
157,15376,2023,Pakistan Under-19s in Bangladesh Youth ODI Series,Youth One-Day Internationals,https://www.espncricinfo.com/series/pakistan-under-19s-in-bangladesh-youth-odi-series-2023-1372074/match-schedule-fixtures
158,15578,2023,South Africa Under-19s in Bangladesh Youth ODI Series,Youth One-Day Internationals,https://www.espncricinfo.com/series/south-africa-under-19s-in-bangladesh-youth-odi-series-2023-1385722/match-schedule-fixtures
159,15716,2023,Ireland Under-19s in England Youth ODI Series,Youth One-Day Internationals,https://www.espncricinfo.com/series/ireland-under-19s-in-england-youth-odi-series-2023-1394016/match-schedule-fixtures
160,15450,2023,Australia Under-19s in England Youth ODI Series,Youth One-Day Internationals,https://www.espncricinfo.com/series/australia-under-19s-in-england-youth-odi-series-2023-1378853/match-schedule-fixtures
161,15718,2023,West Indies Under-19s in Sri Lanka Youth ODI Series,Youth One-Day Internationals,https://www.espncricinfo.com/series/west-indies-under-19s-in-sri-lanka-youth-odi-series-2023-1394018/match-schedule-fixtures
162,15377,2023,Pakistan Under-19s in Bangladesh Youth T20I Match,Youth Twenty20 Internationals,https://www.espncricinfo.com/series/pakistan-under-19s-in-bangladesh-youth-t20i-match-2023-1372075/match-schedule-fixtures
163,15158,2023,Charlotte Edwards Cup,Women's Twenty20,https://www.espncricinfo.com/series/charlotte-edwards-cup-2023-1347397/match-schedule-fixtures
164,15486,2023,Women's Caribbean Premier League,Women's Twenty20,https://www.espncricinfo.com/series/womens-caribbean-premier-league-2023-1380588/match-schedule-fixtures
165,15217,2023,The Hundred Women's Competition,Women's Twenty20,https://www.espncricinfo.com/series/the-hundred-womens-competition-2023-1355568/match-schedule-fixtures
166,15644,2023,Women's Ashes,,https://www.espncricinfo.com/series/womens-ashes-2023-1391081/match-schedule-fixtures
167,15319,2023,Australia A tour of New Zealand,tour,https://www.espncricinfo.com/series/australia-a-tour-of-new-zealand-2023-1365973/match-schedule-fixtures
168,15323,2023,Gibraltar tour of Portugal,tour,https://www.espncricinfo.com/series/gibraltar-tour-of-portugal-2023-1367715/match-schedule-fixtures
169,15056,2023,New Zealand tour of Pakistan,tour,https://www.espncricinfo.com/series/new-zealand-tour-of-pakistan-2023-1339583/match-schedule-fixtures
170,15292,2023,Ireland tour of Sri Lanka,tour,https://www.espncricinfo.com/series/ireland-tour-of-sri-lanka-2023-1363445/match-schedule-fixtures
171,15317,2023,Zimbabwe Women tour of Thailand,tour,https://www.espncricinfo.com/series/zimbabwe-women-tour-of-thailand-2023-1365307/match-schedule-fixtures
172,15373,2023,Bangladesh Women tour of Sri Lanka,tour,https://www.espncricinfo.com/series/bangladesh-women-tour-of-sri-lanka-2023-1371598/match-schedule-fixtures
173,15374,2023,Pakistan Under-19s tour of Bangladesh,tour,https://www.espncricinfo.com/series/pakistan-under-19s-tour-of-bangladesh-2023-1372069/match-schedule-fixtures
174,15378,2023,Pakistan Shaheens tour of Zimbabwe,tour,https://www.espncricinfo.com/series/pakistan-shaheens-tour-of-zimbabwe-2023-1372290/match-schedule-fixtures
175,15242,2023,France Women tour of Austria,tour,https://www.espncricinfo.com/series/france-women-tour-of-austria-2023-1357678/match-schedule-fixtures
176,15296,2023,Bangladesh tour of England,tour,https://www.espncricinfo.com/series/bangladesh-tour-of-england-2023-1364121/match-schedule-fixtures
177,14987,2023,Ireland tour of England,tour,https://www.espncricinfo.com/series/ireland-tour-of-england-2023-1336035/match-schedule-fixtures
178,15402,2023,West Indies A tour of Bangladesh,tour,https://www.espncricinfo.com/series/west-indies-a-tour-of-bangladesh-2023-1376068/match-schedule-fixtures
179,15404,2023,Nepal Women tour of Malaysia,tour,https://www.espncricinfo.com/series/nepal-women-tour-of-malaysia-2023-1376119/match-schedule-fixtures
180,15410,2023,Afghanistan tour of Sri Lanka,tour,https://www.espncricinfo.com/series/afghanistan-tour-of-sri-lanka-2023-1376998/match-schedule-fixtures
181,15441,2023,Karnataka tour of Namibia,tour,https://www.espncricinfo.com/series/karnataka-tour-of-namibia-2023-1378257/match-schedule-fixtures
182,15468,2023,South Africa A tour of Sri Lanka,tour,https://www.espncricinfo.com/series/south-africa-a-tour-of-sri-lanka-2023-1379628/match-schedule-fixtures
183,15408,2023,West Indies tour of United Arab Emirates,tour,https://www.espncricinfo.com/series/west-indies-tour-of-united-arab-emirates-2023-1376996/match-schedule-fixtures
184,14989,2023,Australia tour of England,tour,https://www.espncricinfo.com/series/australia-tour-of-england-2023-1336037/match-schedule-fixtures
185,15482,2023,Belgium tour of Germany,tour,https://www.espncricinfo.com/series/belgium-tour-of-germany-2023-1380577/match-schedule-fixtures
186,15484,2023,Hungary tour of Czech Republic,tour,https://www.espncricinfo.com/series/hungary-tour-of-czech-republic-2023-1380579/match-schedule-fixtures
187,15412,2023,Afghanistan tour of Bangladesh,tour,https://www.espncricinfo.com/series/afghanistan-tour-of-bangladesh-2023-1377001/match-schedule-fixtures
188,15509,2023,Australia A Women tour of England,tour,https://www.espncricinfo.com/series/australia-a-women-tour-of-england-2023-1381774/match-schedule-fixtures
189,14994,2023,Australia Women tour of England,tour,https://www.espncricinfo.com/series/australia-women-tour-of-england-2023-1336063/match-schedule-fixtures
190,15497,2023,Argentina Women tour of Brazil,tour,https://www.espncricinfo.com/series/argentina-women-tour-of-brazil-2023-1381429/match-schedule-fixtures
191,15518,2023,Jersey Women tour of Guernsey,tour,https://www.espncricinfo.com/series/jersey-women-tour-of-guernsey-2023-1382634/match-schedule-fixtures
192,15499,2023,Switzerland tour of Luxembourg,tour,https://www.espncricinfo.com/series/switzerland-tour-of-luxembourg-2023-1381438/match-schedule-fixtures
193,15433,2023,Ireland Women tour of West Indies,tour,https://www.espncricinfo.com/series/ireland-women-tour-of-west-indies-2023-1378179/match-schedule-fixtures
194,15479,2023,New Zealand Women tour of Sri Lanka,tour,https://www.espncricinfo.com/series/new-zealand-women-tour-of-sri-lanka-2023-1379754/match-schedule-fixtures
195,15501,2023,Austria tour of Netherlands,tour,https://www.espncricinfo.com/series/austria-tour-of-netherlands-2023-1381440/match-schedule-fixtures
196,15502,2023,Germany tour of Netherlands,tour,https://www.espncricinfo.com/series/germany-tour-of-netherlands-2023-1381441/match-schedule-fixtures
197,15553,2023,Thailand Women tour of Netherlands,tour,https://www.espncricinfo.com/series/thailand-women-tour-of-netherlands-2023-1384539/match-schedule-fixtures
198,15561,2023,Uganda tour of Namibia,tour,https://www.espncricinfo.com/series/uganda-tour-of-namibia-2023-1384571/match-schedule-fixtures
199,15577,2023,South Africa Under-19s tour of Bangladesh,tour,https://www.espncricinfo.com/series/south-africa-under-19s-tour-of-bangladesh-2023-1385721/match-schedule-fixtures
200,15522,2023,Guernsey tour of Jersey,tour,https://www.espncricinfo.com/series/guernsey-tour-of-jersey-2023-1383032/match-schedule-fixtures
201,15566,2023,Pakistan tour of Sri Lanka,tour,https://www.espncricinfo.com/series/pakistan-tour-of-sri-lanka-2023-1385664/match-schedule-fixtures
202,15524,2023,Austria tour of Isle of Man,tour,https://www.espncricinfo.com/series/austria-tour-of-isle-of-man-2023-1383035/match-schedule-fixtures
203,15513,2023,India Women tour of Bangladesh,tour,https://www.espncricinfo.com/series/india-women-tour-of-bangladesh-2023-1381943/match-schedule-fixtures
204,15492,2023,India tour of West Indies and United States of America,tour,https://www.espncricinfo.com/series/india-tour-of-west-indies-and-united-states-of-america-2023-1381201/match-schedule-fixtures
205,15436,2023,Australia Women tour of Ireland,tour,https://www.espncricinfo.com/series/australia-women-tour-of-ireland-2023-1378184/match-schedule-fixtures
206,15597,2023,Isle of Man Women tour of Austria,tour,https://www.espncricinfo.com/series/isle-of-man-women-tour-of-austria-2023-1387919/match-schedule-fixtures
207,15638,2023,Croatia tour of Hungary,tour,https://www.espncricinfo.com/series/croatia-tour-of-hungary-2023-1390165/match-schedule-fixtures
208,15675,2023,Zimbabwe Emerging Players tour of South Africa,tour,https://www.espncricinfo.com/series/zimbabwe-emerging-players-tour-of-south-africa-2023-1392314/match-schedule-fixtures
209,15589,2023,Guernsey tour of Netherlands,tour,https://www.espncricinfo.com/series/guernsey-tour-of-netherlands-2023-1387238/match-schedule-fixtures
210,15439,2023,Ireland Women tour of Netherlands,tour,https://www.espncricinfo.com/series/ireland-women-tour-of-netherlands-2023-1378188/match-schedule-fixtures
211,15564,2023,India tour of Ireland,tour,https://www.espncricinfo.com/series/india-tour-of-ireland-2023-1384631/match-schedule-fixtures
212,15417,2023,New Zealand tour of United Arab Emirates,tour,https://www.espncricinfo.com/series/new-zealand-tour-of-united-arab-emirates-2023-1377725/match-schedule-fixtures
213,15715,2023,Ireland Under-19s tour of England,tour,https://www.espncricinfo.com/series/ireland-under-19s-tour-of-england-2023-1394015/match-schedule-fixtures
214,15678,2023,Pakistan tour of Sri Lanka [Aug 2023],tour,https://www.espncricinfo.com/series/pakistan-tour-of-sri-lanka-aug-2023-2023-1392508/match-schedule-fixtures
215,15665,2023,Jersey Women tour of Netherlands,tour,https://www.espncricinfo.com/series/jersey-women-tour-of-netherlands-2023-1391705/match-schedule-fixtures
216,15703,2023,Myanmar Women tour of Singapore,tour,https://www.espncricinfo.com/series/myanmar-women-tour-of-singapore-2023-1393858/match-schedule-fixtures
217,14991,2023,New Zealand tour of England,tour,https://www.espncricinfo.com/series/new-zealand-tour-of-england-2023-1336039/match-schedule-fixtures
218,15449,2023,Australia Under-19s tour of England,tour,https://www.espncricinfo.com/series/australia-under-19s-tour-of-england-2023-1378852/match-schedule-fixtures
219,15599,2023,Guernsey Women tour of Austria,tour,https://www.espncricinfo.com/series/guernsey-women-tour-of-austria-2023-1387922/match-schedule-fixtures
220,15717,2023,West Indies Under-19s tour of Sri Lanka,tour,https://www.espncricinfo.com/series/west-indies-under-19s-tour-of-sri-lanka-2023-1394017/match-schedule-fixtures
221,15708,2023,Japan Women tour of Vanuatu,tour,https://www.espncricinfo.com/series/japan-women-tour-of-vanuatu-2023-1393864/match-schedule-fixtures
222,15682,2023,New Zealand A tour of Australia,tour,https://www.espncricinfo.com/series/new-zealand-a-tour-of-australia-2023-1392778/match-schedule-fixtures
223,14998,2023,Sri Lanka Women tour of England,tour,https://www.espncricinfo.com/series/sri-lanka-women-tour-of-england-2023-1336069/match-schedule-fixtures
224,15511,2023,South Africa Women tour of Pakistan,tour,https://www.espncricinfo.com/series/south-africa-women-tour-of-pakistan-2023-1381903/match-schedule-fixtures
225,15763,2023,New Zealand tour of Bangladesh,tour,https://www.espncricinfo.com/series/new-zealand-tour-of-bangladesh-2023-1395686/match-schedule-fixtures
226,15655,2023,Estonia tour of Gibraltar,tour,https://www.espncricinfo.com/series/estonia-tour-of-gibraltar-2023-1391326/match-schedule-fixtures
227,15310,2023,Canada tour of Namibia,minor tour,https://www.espncricinfo.com/series/canada-tour-of-namibia-2023-1365090/match-schedule-fixtures
228,15311,2023,Jersey tour of Namibia,minor tour,https://www.espncricinfo.com/series/jersey-tour-of-namibia-2023-1365091/match-schedule-fixtures
229,15308,2023,Papua New Guinea tour of Namibia,minor tour,https://www.espncricinfo.com/series/papua-new-guinea-tour-of-namibia-2023-1365088/match-schedule-fixtures
230,15309,2023,United Arab Emirates tour of Namibia,minor tour,https://www.espncricinfo.com/series/united-arab-emirates-tour-of-namibia-2023-1365089/match-schedule-fixtures
231,15307,2023,United States of America tour of Namibia,minor tour,https://www.espncricinfo.com/series/united-states-of-america-tour-of-namibia-2023-1365087/match-schedule-fixtures
232,15336,2023,Bahrain tour of Nepal,minor tour,https://www.espncricinfo.com/series/bahrain-tour-of-nepal-2023-1367852/match-schedule-fixtures
233,15330,2023,Hong Kong tour of Nepal,minor tour,https://www.espncricinfo.com/series/hong-kong-tour-of-nepal-2023-1367846/match-schedule-fixtures
234,15340,2023,Kenya Women tour of Uganda,minor tour,https://www.espncricinfo.com/series/kenya-women-tour-of-uganda-2023-1368803/match-schedule-fixtures
235,15332,2023,Kuwait tour of Nepal,minor tour,https://www.espncricinfo.com/series/kuwait-tour-of-nepal-2023-1367848/match-schedule-fixtures
236,15329,2023,Malaysia tour of Nepal,minor tour,https://www.espncricinfo.com/series/malaysia-tour-of-nepal-2023-1367845/match-schedule-fixtures
237,15334,2023,Oman tour of Nepal,minor tour,https://www.espncricinfo.com/series/oman-tour-of-nepal-2023-1367850/match-schedule-fixtures
238,15335,2023,Qatar tour of Nepal,minor tour,https://www.espncricinfo.com/series/qatar-tour-of-nepal-2023-1367851/match-schedule-fixtures
239,15342,2023,Rwanda Women tour of Uganda,minor tour,https://www.espncricinfo.com/series/rwanda-women-tour-of-uganda-2023-1368805/match-schedule-fixtures
240,15337,2023,Saudi Arabia tour of Nepal,minor tour,https://www.espncricinfo.com/series/saudi-arabia-tour-of-nepal-2023-1367853/match-schedule-fixtures
241,15331,2023,Singapore tour of Nepal,minor tour,https://www.espncricinfo.com/series/singapore-tour-of-nepal-2023-1367847/match-schedule-fixtures
242,15343,2023,Tanzania Women tour of Uganda,minor tour,https://www.espncricinfo.com/series/tanzania-women-tour-of-uganda-2023-1368807/match-schedule-fixtures
243,15333,2023,United Arab Emirates tour of Nepal,minor tour,https://www.espncricinfo.com/series/united-arab-emirates-tour-of-nepal-2023-1367849/match-schedule-fixtures
244,15341,2023,United Arab Emirates Women tour of Uganda,minor tour,https://www.espncricinfo.com/series/united-arab-emirates-women-tour-of-uganda-2023-1368804/match-schedule-fixtures
245,15369,2023,Hong Kong Women tour of Namibia,minor tour,https://www.espncricinfo.com/series/hong-kong-women-tour-of-namibia-2023-1370896/match-schedule-fixtures
246,15371,2023,Uganda Women tour of Namibia,minor tour,https://www.espncricinfo.com/series/uganda-women-tour-of-namibia-2023-1370900/match-schedule-fixtures
247,15370,2023,United Arab Emirates Women tour of Namibia,minor tour,https://www.espncricinfo.com/series/united-arab-emirates-women-tour-of-namibia-2023-1370898/match-schedule-fixtures
248,15364,2023,Singapore Women tour of Cambodia,minor tour,https://www.espncricinfo.com/series/singapore-women-tour-of-cambodia-2023-1370813/match-schedule-fixtures
249,15357,2023,Indonesia tour of Cambodia,minor tour,https://www.espncricinfo.com/series/indonesia-tour-of-cambodia-2023-1370776/match-schedule-fixtures
250,15362,2023,Indonesia Women tour of Cambodia,minor tour,https://www.espncricinfo.com/series/indonesia-women-tour-of-cambodia-2023-1370809/match-schedule-fixtures
251,15360,2023,Malaysia tour of Cambodia,minor tour,https://www.espncricinfo.com/series/malaysia-tour-of-cambodia-2023-1370780/match-schedule-fixtures
252,15365,2023,Malaysia Women tour of Cambodia,minor tour,https://www.espncricinfo.com/series/malaysia-women-tour-of-cambodia-2023-1370814/match-schedule-fixtures
253,15363,2023,Myanmar Women tour of Cambodia,minor tour,https://www.espncricinfo.com/series/myanmar-women-tour-of-cambodia-2023-1370811/match-schedule-fixtures
254,15358,2023,Philippines tour of Cambodia,minor tour,https://www.espncricinfo.com/series/philippines-tour-of-cambodia-2023-1370778/match-schedule-fixtures
255,15367,2023,Philippines Women tour of Cambodia,minor tour,https://www.espncricinfo.com/series/philippines-women-tour-of-cambodia-2023-1370817/match-schedule-fixtures
256,15359,2023,Singapore tour of Cambodia,minor tour,https://www.espncricinfo.com/series/singapore-tour-of-cambodia-2023-1370779/match-schedule-fixtures
257,15356,2023,Thailand tour of Cambodia,minor tour,https://www.espncricinfo.com/series/thailand-tour-of-cambodia-2023-1370774/match-schedule-fixtures
258,15366,2023,Thailand Women tour of Cambodia,minor tour,https://www.espncricinfo.com/series/thailand-women-tour-of-cambodia-2023-1370815/match-schedule-fixtures
259,15327,2023,Malta tour of Gibraltar,minor tour,https://www.espncricinfo.com/series/malta-tour-of-gibraltar-2023-1367720/match-schedule-fixtures
260,15326,2023,Portugal tour of Gibraltar,minor tour,https://www.espncricinfo.com/series/portugal-tour-of-gibraltar-2023-1367718/match-schedule-fixtures
261,15353,2023,Finland tour of Denmark,minor tour,https://www.espncricinfo.com/series/finland-tour-of-denmark-2023-1370769/match-schedule-fixtures
262,15352,2023,Norway tour of Denmark,minor tour,https://www.espncricinfo.com/series/norway-tour-of-denmark-2023-1370768/match-schedule-fixtures
263,15354,2023,Sweden tour of Denmark,minor tour,https://www.espncricinfo.com/series/sweden-tour-of-denmark-2023-1370771/match-schedule-fixtures
264,15423,2023,Hong Kong Women tour of China,minor tour,https://www.espncricinfo.com/series/hong-kong-women-tour-of-china-2023-1377985/match-schedule-fixtures
265,15424,2023,Japan Women tour of China,minor tour,https://www.espncricinfo.com/series/japan-women-tour-of-china-2023-1377986/match-schedule-fixtures
266,15447,2023,Botswana tour of South Africa,minor tour,https://www.espncricinfo.com/series/botswana-tour-of-south-africa-2023-1378437/match-schedule-fixtures
267,15445,2023,Eswatini tour of South Africa,minor tour,https://www.espncricinfo.com/series/eswatini-tour-of-south-africa-2023-1378435/match-schedule-fixtures
268,15446,2023,Malawi tour of South Africa,minor tour,https://www.espncricinfo.com/series/malawi-tour-of-south-africa-2023-1378436/match-schedule-fixtures
269,15444,2023,Mauritius tour of South Africa,minor tour,https://www.espncricinfo.com/series/mauritius-tour-of-south-africa-2023-1378434/match-schedule-fixtures
270,15443,2023,Mozambique tour of South Africa,minor tour,https://www.espncricinfo.com/series/mozambique-tour-of-south-africa-2023-1378433/match-schedule-fixtures
271,15429,2023,France Women tour of Jersey,minor tour,https://www.espncricinfo.com/series/france-women-tour-of-jersey-2023-1377998/match-schedule-fixtures
272,15430,2023,Germany Women tour of Jersey,minor tour,https://www.espncricinfo.com/series/germany-women-tour-of-jersey-2023-1377999/match-schedule-fixtures
273,15426,2023,Italy Women tour of Jersey,minor tour,https://www.espncricinfo.com/series/italy-women-tour-of-jersey-2023-1377995/match-schedule-fixtures
274,15428,2023,Sweden Women tour of Jersey,minor tour,https://www.espncricinfo.com/series/sweden-women-tour-of-jersey-2023-1377997/match-schedule-fixtures
275,15427,2023,Turkey Women tour of Jersey,minor tour,https://www.espncricinfo.com/series/turkey-women-tour-of-jersey-2023-1377996/match-schedule-fixtures
276,15508,2023,Australia tour of England [WTC],minor tour,https://www.espncricinfo.com/series/australia-tour-of-england-wtc-2023-1381616/match-schedule-fixtures
277,15431,2023,India tour of England,minor tour,https://www.espncricinfo.com/series/india-tour-of-england-2023-1378151/match-schedule-fixtures
278,15460,2023,United States of America tour of Zimbabwe,minor tour,https://www.espncricinfo.com/series/united-states-of-america-tour-of-zimbabwe-2023-1379555/match-schedule-fixtures
279,15464,2023,Botswana tour of Kenya,minor tour,https://www.espncricinfo.com/series/botswana-tour-of-kenya-2023-1379569/match-schedule-fixtures
280,15463,2023,Rwanda tour of Kenya,minor tour,https://www.espncricinfo.com/series/rwanda-tour-of-kenya-2023-1379568/match-schedule-fixtures
281,15465,2023,Uganda tour of Kenya,minor tour,https://www.espncricinfo.com/series/uganda-tour-of-kenya-2023-1379570/match-schedule-fixtures
282,15490,2023,Botswana Women tour of Rwanda,minor tour,https://www.espncricinfo.com/series/botswana-women-tour-of-rwanda-2023-1380685/match-schedule-fixtures
283,15488,2023,Kenya Women tour of Rwanda,minor tour,https://www.espncricinfo.com/series/kenya-women-tour-of-rwanda-2023-1380683/match-schedule-fixtures
284,15491,2023,Nigeria Women tour of Rwanda,minor tour,https://www.espncricinfo.com/series/nigeria-women-tour-of-rwanda-2023-1380686/match-schedule-fixtures
285,15489,2023,Uganda Women tour of Rwanda,minor tour,https://www.espncricinfo.com/series/uganda-women-tour-of-rwanda-2023-1380684/match-schedule-fixtures
286,15474,2023,Bangladesh A Women tour of Hong Kong,minor tour,https://www.espncricinfo.com/series/bangladesh-a-women-tour-of-hong-kong-2023-1379683/match-schedule-fixtures
287,15478,2023,India A Women tour of Hong Kong,minor tour,https://www.espncricinfo.com/series/india-a-women-tour-of-hong-kong-2023-1379689/match-schedule-fixtures
288,15475,2023,Malaysia Women tour of Hong Kong,minor tour,https://www.espncricinfo.com/series/malaysia-women-tour-of-hong-kong-2023-1379686/match-schedule-fixtures
289,15477,2023,Nepal Women tour of Hong Kong,minor tour,https://www.espncricinfo.com/series/nepal-women-tour-of-hong-kong-2023-1379688/match-schedule-fixtures
290,15476,2023,Pakistan A Women tour of Hong Kong,minor tour,https://www.espncricinfo.com/series/pakistan-a-women-tour-of-hong-kong-2023-1379687/match-schedule-fixtures
291,15472,2023,Sri Lanka A Women tour of Hong Kong,minor tour,https://www.espncricinfo.com/series/sri-lanka-a-women-tour-of-hong-kong-2023-1379681/match-schedule-fixtures
292,15473,2023,United Arab Emirates Women tour of Hong Kong,minor tour,https://www.espncricinfo.com/series/united-arab-emirates-women-tour-of-hong-kong-2023-1379682/match-schedule-fixtures
293,15457,2023,Ireland tour of Zimbabwe,minor tour,https://www.espncricinfo.com/series/ireland-tour-of-zimbabwe-2023-1379552/match-schedule-fixtures
294,15462,2023,Nepal tour of Zimbabwe,minor tour,https://www.espncricinfo.com/series/nepal-tour-of-zimbabwe-2023-1379557/match-schedule-fixtures
295,15459,2023,Netherlands tour of Zimbabwe,minor tour,https://www.espncricinfo.com/series/netherlands-tour-of-zimbabwe-2023-1379554/match-schedule-fixtures
296,15456,2023,Oman tour of Zimbabwe,minor tour,https://www.espncricinfo.com/series/oman-tour-of-zimbabwe-2023-1379551/match-schedule-fixtures
297,15454,2023,Scotland tour of Zimbabwe,minor tour,https://www.espncricinfo.com/series/scotland-tour-of-zimbabwe-2023-1379549/match-schedule-fixtures
298,15461,2023,Sri Lanka tour of Zimbabwe,minor tour,https://www.espncricinfo.com/series/sri-lanka-tour-of-zimbabwe-2023-1379556/match-schedule-fixtures
299,15458,2023,United Arab Emirates tour of Zimbabwe,minor tour,https://www.espncricinfo.com/series/united-arab-emirates-tour-of-zimbabwe-2023-1379553/match-schedule-fixtures
300,15455,2023,West Indies tour of Zimbabwe,minor tour,https://www.espncricinfo.com/series/west-indies-tour-of-zimbabwe-2023-1379550/match-schedule-fixtures
301,15507,2023,Croatia tour of Bulgaria,minor tour,https://www.espncricinfo.com/series/croatia-tour-of-bulgaria-2023-1381447/match-schedule-fixtures
302,15505,2023,Serbia tour of Bulgaria,minor tour,https://www.espncricinfo.com/series/serbia-tour-of-bulgaria-2023-1381445/match-schedule-fixtures
303,15506,2023,Turkey tour of Bulgaria,minor tour,https://www.espncricinfo.com/series/turkey-tour-of-bulgaria-2023-1381446/match-schedule-fixtures
304,15556,2023,France tour of Malta,minor tour,https://www.espncricinfo.com/series/france-tour-of-malta-2023-1384561/match-schedule-fixtures
305,15557,2023,Luxembourg tour of Malta,minor tour,https://www.espncricinfo.com/series/luxembourg-tour-of-malta-2023-1384563/match-schedule-fixtures
306,15552,2023,Scotland Women tour of Netherlands,minor tour,https://www.espncricinfo.com/series/scotland-women-tour-of-netherlands-2023-1384538/match-schedule-fixtures
307,15559,2023,Romania tour of Malta,minor tour,https://www.espncricinfo.com/series/romania-tour-of-malta-2023-1384566/match-schedule-fixtures
308,15558,2023,Switzerland tour of Malta,minor tour,https://www.espncricinfo.com/series/switzerland-tour-of-malta-2023-1384564/match-schedule-fixtures
309,15582,2023,Afghanistan A tour of Sri Lanka,minor tour,https://www.espncricinfo.com/series/afghanistan-a-tour-of-sri-lanka-2023-1386987/match-schedule-fixtures
310,15581,2023,Bangladesh A tour of Sri Lanka,minor tour,https://www.espncricinfo.com/series/bangladesh-a-tour-of-sri-lanka-2023-1386986/match-schedule-fixtures
311,15584,2023,India A tour of Sri Lanka,minor tour,https://www.espncricinfo.com/series/india-a-tour-of-sri-lanka-2023-1386990/match-schedule-fixtures
312,15586,2023,Nepal tour of Sri Lanka,minor tour,https://www.espncricinfo.com/series/nepal-tour-of-sri-lanka-2023-1386992/match-schedule-fixtures
313,15583,2023,Oman A tour of Sri Lanka,minor tour,https://www.espncricinfo.com/series/oman-a-tour-of-sri-lanka-2023-1386989/match-schedule-fixtures
314,15587,2023,Pakistan A tour of Sri Lanka,minor tour,https://www.espncricinfo.com/series/pakistan-a-tour-of-sri-lanka-2023-1387001/match-schedule-fixtures
315,15585,2023,United Arab Emirates A tour of Sri Lanka,minor tour,https://www.espncricinfo.com/series/united-arab-emirates-a-tour-of-sri-lanka-2023-1386991/match-schedule-fixtures
316,15528,2023,Austria tour of Scotland,minor tour,https://www.espncricinfo.com/series/austria-tour-of-scotland-2023-1383040/match-schedule-fixtures
317,15532,2023,Denmark tour of Scotland,minor tour,https://www.espncricinfo.com/series/denmark-tour-of-scotland-2023-1383046/match-schedule-fixtures
318,15531,2023,Germany tour of Scotland,minor tour,https://www.espncricinfo.com/series/germany-tour-of-scotland-2023-1383044/match-schedule-fixtures
319,15529,2023,Ireland tour of Scotland,minor tour,https://www.espncricinfo.com/series/ireland-tour-of-scotland-2023-1383042/match-schedule-fixtures
320,15530,2023,Italy tour of Scotland,minor tour,https://www.espncricinfo.com/series/italy-tour-of-scotland-2023-1383043/match-schedule-fixtures
321,15527,2023,Jersey tour of Scotland,minor tour,https://www.espncricinfo.com/series/jersey-tour-of-scotland-2023-1383039/match-schedule-fixtures
322,15625,2023,Cape Town Samp Army tour of Zimbabwe,minor tour,https://www.espncricinfo.com/series/cape-town-samp-army-tour-of-zimbabwe-2023-1389177/match-schedule-fixtures
323,15627,2023,Durban Qalandars tour of Zimbabwe,minor tour,https://www.espncricinfo.com/series/durban-qalandars-tour-of-zimbabwe-2023-1389183/match-schedule-fixtures
324,15626,2023,Johannesburg Buffaloes tour of Zimbabwe,minor tour,https://www.espncricinfo.com/series/johannesburg-buffaloes-tour-of-zimbabwe-2023-1389178/match-schedule-fixtures
325,15534,2023,Japan tour of Papua New Guinea,minor tour,https://www.espncricinfo.com/series/japan-tour-of-papua-new-guinea-2023-1383052/match-schedule-fixtures
326,15535,2023,Philippines tour of Papua New Guinea,minor tour,https://www.espncricinfo.com/series/philippines-tour-of-papua-new-guinea-2023-1383053/match-schedule-fixtures
327,15536,2023,Vanuatu tour of Papua New Guinea,minor tour,https://www.espncricinfo.com/series/vanuatu-tour-of-papua-new-guinea-2023-1383054/match-schedule-fixtures
328,15539,2023,Bhutan tour of Malaysia,minor tour,https://www.espncricinfo.com/series/bhutan-tour-of-malaysia-2023-1383059/match-schedule-fixtures
329,15538,2023,China tour of Malaysia,minor tour,https://www.espncricinfo.com/series/china-tour-of-malaysia-2023-1383058/match-schedule-fixtures
330,15540,2023,Myanmar tour of Malaysia,minor tour,https://www.espncricinfo.com/series/myanmar-tour-of-malaysia-2023-1383060/match-schedule-fixtures
331,15541,2023,Thailand tour of Malaysia,minor tour,https://www.espncricinfo.com/series/thailand-tour-of-malaysia-2023-1383061/match-schedule-fixtures
332,15674,2023,West Indies tour of United States of America,minor tour,https://www.espncricinfo.com/series/west-indies-tour-of-united-states-of-america-2023-1392309/match-schedule-fixtures
333,15603,2023,Greece Women tour of Romania,minor tour,https://www.espncricinfo.com/series/greece-women-tour-of-romania-2023-1387934/match-schedule-fixtures
334,15602,2023,Isle of Man Women tour of Romania,minor tour,https://www.espncricinfo.com/series/isle-of-man-women-tour-of-romania-2023-1387933/match-schedule-fixtures
335,15604,2023,Malta Women tour of Romania,minor tour,https://www.espncricinfo.com/series/malta-women-tour-of-romania-2023-1387936/match-schedule-fixtures
336,15653,2023,Malta tour of Romania,minor tour,https://www.espncricinfo.com/series/malta-tour-of-romania-2023-1391324/match-schedule-fixtures
337,15696,2023,Tanzania tour of Rwanda,minor tour,https://www.espncricinfo.com/series/tanzania-tour-of-rwanda-2023-1393307/match-schedule-fixtures
338,15697,2023,Uganda tour of Rwanda,minor tour,https://www.espncricinfo.com/series/uganda-tour-of-rwanda-2023-1393308/match-schedule-fixtures
339,15677,2023,Afghanistan tour of Sri Lanka [Aug 2023],minor tour,https://www.espncricinfo.com/series/afghanistan-tour-of-sri-lanka-aug-2023-2023-1392507/match-schedule-fixtures
340,15702,2023,Hong Kong Women tour of Malaysia,minor tour,https://www.espncricinfo.com/series/hong-kong-women-tour-of-malaysia-2023-1393586/match-schedule-fixtures
341,15700,2023,Kuwait Women tour of Malaysia,minor tour,https://www.espncricinfo.com/series/kuwait-women-tour-of-malaysia-2023-1393584/match-schedule-fixtures
342,15734,2023,Nepal Women tour of Malaysia [Aug 2023],minor tour,https://www.espncricinfo.com/series/nepal-women-tour-of-malaysia-aug-2023-2023-1394779/match-schedule-fixtures
343,15711,2023,Denmark Women tour of Finland,minor tour,https://www.espncricinfo.com/series/denmark-women-tour-of-finland-2023-1393870/match-schedule-fixtures
344,15712,2023,Estonia Women tour of Finland,minor tour,https://www.espncricinfo.com/series/estonia-women-tour-of-finland-2023-1393872/match-schedule-fixtures
345,15713,2023,Norway Women tour of Finland,minor tour,https://www.espncricinfo.com/series/norway-women-tour-of-finland-2023-1393873/match-schedule-fixtures
346,15710,2023,Sweden Women tour of Finland,minor tour,https://www.espncricinfo.com/series/sweden-women-tour-of-finland-2023-1393868/match-schedule-fixtures
347,15649,2023,Afghanistan tour of Pakistan,minor tour,https://www.espncricinfo.com/series/afghanistan-tour-of-pakistan-2023-1391282/match-schedule-fixtures
348,15646,2023,Bangladesh tour of Sri Lanka and Pakistan,minor tour,https://www.espncricinfo.com/series/bangladesh-tour-of-sri-lanka-and-pakistan-2023-1391279/match-schedule-fixtures
349,15647,2023,India tour of Sri Lanka,minor tour,https://www.espncricinfo.com/series/india-tour-of-sri-lanka-2023-1391280/match-schedule-fixtures
350,15648,2023,Nepal tour of Pakistan and Sri Lanka,minor tour,https://www.espncricinfo.com/series/nepal-tour-of-pakistan-and-sri-lanka-2023-1391281/match-schedule-fixtures
351,15651,2023,Pakistan tour of Sri Lanka [Sep 2023],minor tour,https://www.espncricinfo.com/series/pakistan-tour-of-sri-lanka-sep-2023-2023-1391284/match-schedule-fixtures
352,15650,2023,Sri Lanka tour of Pakistan,minor tour,https://www.espncricinfo.com/series/sri-lanka-tour-of-pakistan-2023-1391283/match-schedule-fixtures
353,15728,2023,Bahrain Women tour of Malaysia,minor tour,https://www.espncricinfo.com/series/bahrain-women-tour-of-malaysia-2023-1394743/match-schedule-fixtures
354,15730,2023,Bhutan Women tour of Malaysia,minor tour,https://www.espncricinfo.com/series/bhutan-women-tour-of-malaysia-2023-1394745/match-schedule-fixtures
355,15733,2023,China Women tour of Malaysia,minor tour,https://www.espncricinfo.com/series/china-women-tour-of-malaysia-2023-1394748/match-schedule-fixtures
356,15732,2023,Myanmar Women tour of Malaysia,minor tour,https://www.espncricinfo.com/series/myanmar-women-tour-of-malaysia-2023-1394747/match-schedule-fixtures
357,15729,2023,Qatar Women tour of Malaysia,minor tour,https://www.espncricinfo.com/series/qatar-women-tour-of-malaysia-2023-1394744/match-schedule-fixtures
358,15727,2023,Thailand Women tour of Malaysia,minor tour,https://www.espncricinfo.com/series/thailand-women-tour-of-malaysia-2023-1394742/match-schedule-fixtures
359,15731,2023,United Arab Emirates Women tour of Malaysia,minor tour,https://www.espncricinfo.com/series/united-arab-emirates-women-tour-of-malaysia-2023-1394746/match-schedule-fixtures
360,15736,2023,Cook Islands Women tour of Vanuatu,minor tour,https://www.espncricinfo.com/series/cook-islands-women-tour-of-vanuatu-2023-1394787/match-schedule-fixtures
361,15737,2023,Fiji Women tour of Vanuatu,minor tour,https://www.espncricinfo.com/series/fiji-women-tour-of-vanuatu-2023-1394788/match-schedule-fixtures
362,15738,2023,Indonesia Women tour of Vanuatu,minor tour,https://www.espncricinfo.com/series/indonesia-women-tour-of-vanuatu-2023-1394789/match-schedule-fixtures
363,15739,2023,Papua New Guinea Women tour of Vanuatu,minor tour,https://www.espncricinfo.com/series/papua-new-guinea-women-tour-of-vanuatu-2023-1394790/match-schedule-fixtures
364,15740,2023,Samoa Women tour of Vanuatu,minor tour,https://www.espncricinfo.com/series/samoa-women-tour-of-vanuatu-2023-1394791/match-schedule-fixtures
365,15747,2023,Cameroon Women tour of Botswana,minor tour,https://www.espncricinfo.com/series/cameroon-women-tour-of-botswana-2023-1394913/match-schedule-fixtures
366,15745,2023,Eswatini Women tour of Botswana,minor tour,https://www.espncricinfo.com/series/eswatini-women-tour-of-botswana-2023-1394911/match-schedule-fixtures
367,15742,2023,Kenya Women tour of Botswana,minor tour,https://www.espncricinfo.com/series/kenya-women-tour-of-botswana-2023-1394908/match-schedule-fixtures
368,15744,2023,Lesotho Women tour of Botswana,minor tour,https://www.espncricinfo.com/series/lesotho-women-tour-of-botswana-2023-1394910/match-schedule-fixtures
369,15743,2023,Malawi Women tour of Botswana,minor tour,https://www.espncricinfo.com/series/malawi-women-tour-of-botswana-2023-1394909/match-schedule-fixtures
370,15746,2023,Mozambique Women tour of Botswana,minor tour,https://www.espncricinfo.com/series/mozambique-women-tour-of-botswana-2023-1394912/match-schedule-fixtures
371,15748,2023,Sierra Leone Women tour of Botswana,minor tour,https://www.espncricinfo.com/series/sierra-leone-women-tour-of-botswana-2023-1394914/match-schedule-fixtures
372,15751,2023,Argentina Women tour of United States of America,minor tour,https://www.espncricinfo.com/series/argentina-women-tour-of-united-states-of-america-2023-1395003/match-schedule-fixtures
373,15753,2023,Brazil Women tour of United States of America,minor tour,https://www.espncricinfo.com/series/brazil-women-tour-of-united-states-of-america-2023-1395005/match-schedule-fixtures
374,15752,2023,Canada Women tour of United States of America,minor tour,https://www.espncricinfo.com/series/canada-women-tour-of-united-states-of-america-2023-1395004/match-schedule-fixtures
375,15761,2023,Luxembourg Women tour of Greece,minor tour,https://www.espncricinfo.com/series/luxembourg-women-tour-of-greece-2023-1395046/match-schedule-fixtures
376,15760,2023,Romania Women tour of Greece,minor tour,https://www.espncricinfo.com/series/romania-women-tour-of-greece-2023-1395045/match-schedule-fixtures
377,15762,2023,Serbia Women tour of Greece,minor tour,https://www.espncricinfo.com/series/serbia-women-tour-of-greece-2023-1395047/match-schedule-fixtures
378,15768,2023,Bangladesh tour of Pakistan,minor tour,https://www.espncricinfo.com/series/bangladesh-tour-of-pakistan-2023-1396693/match-schedule-fixtures
379,15755,2023,France Women tour of Spain,minor tour,https://www.espncricinfo.com/series/france-women-tour-of-spain-2023-1395022/match-schedule-fixtures
380,15757,2023,Italy Women tour of Spain,minor tour,https://www.espncricinfo.com/series/italy-women-tour-of-spain-2023-1395024/match-schedule-fixtures
381,15756,2023,Netherlands Women tour of Spain,minor tour,https://www.espncricinfo.com/series/netherlands-women-tour-of-spain-2023-1395023/match-schedule-fixtures
382,15758,2023,Scotland Women tour of Spain,minor tour,https://www.espncricinfo.com/series/scotland-women-tour-of-spain-2023-1395025/match-schedule-fixtures
383,15692,2023,Bahrain tour of Qatar,minor tour,https://www.espncricinfo.com/series/bahrain-tour-of-qatar-2023-1392797/match-schedule-fixtures
384,15687,2023,Kuwait tour of Qatar,minor tour,https://www.espncricinfo.com/series/kuwait-tour-of-qatar-2023-1392792/match-schedule-fixtures
385,15689,2023,Oman tour of Qatar,minor tour,https://www.espncricinfo.com/series/oman-tour-of-qatar-2023-1392794/match-schedule-fixtures
386,15686,2023,Saudi Arabia tour of Qatar,minor tour,https://www.espncricinfo.com/series/saudi-arabia-tour-of-qatar-2023-1392790/match-schedule-fixtures
387,15688,2023,United Arab Emirates tour of Qatar,minor tour,https://www.espncricinfo.com/series/united-arab-emirates-tour-of-qatar-2023-1392793/match-schedule-fixtures
388,15797,2023,Bangladesh Women tour of China,minor tour,https://www.espncricinfo.com/series/bangladesh-women-tour-of-china-2023-1399081/match-schedule-fixtures
389,15787,2023,Hong Kong tour of Malaysia,minor tour,https://www.espncricinfo.com/series/hong-kong-tour-of-malaysia-2023-1398292/match-schedule-fixtures
390,15798,2023,Hong Kong Women tour of China [Sep 2023],minor tour,https://www.espncricinfo.com/series/hong-kong-women-tour-of-china-sep-2023-2023-1399082/match-schedule-fixtures
391,15794,2023,India Women tour of China,minor tour,https://www.espncricinfo.com/series/india-women-tour-of-china-2023-1399078/match-schedule-fixtures
392,15791,2023,Indonesia Women tour of China,minor tour,https://www.espncricinfo.com/series/indonesia-women-tour-of-china-2023-1399075/match-schedule-fixtures
393,15793,2023,Malaysia Women tour of China,minor tour,https://www.espncricinfo.com/series/malaysia-women-tour-of-china-2023-1399077/match-schedule-fixtures
394,15792,2023,Mongolia Women tour of China,minor tour,https://www.espncricinfo.com/series/mongolia-women-tour-of-china-2023-1399076/match-schedule-fixtures
395,15795,2023,Pakistan Women tour of China,minor tour,https://www.espncricinfo.com/series/pakistan-women-tour-of-china-2023-1399079/match-schedule-fixtures
396,15788,2023,Papua New Guinea tour of Malaysia,minor tour,https://www.espncricinfo.com/series/papua-new-guinea-tour-of-malaysia-2023-1398294/match-schedule-fixtures
397,15796,2023,Sri Lanka Women tour of China,minor tour,https://www.espncricinfo.com/series/sri-lanka-women-tour-of-china-2023-1399080/match-schedule-fixtures
398,15821,2023,Thailand Women tour of China,minor tour,https://www.espncricinfo.com/series/thailand-women-tour-of-china-2023-1399301/match-schedule-fixtures
399,15810,2023,Bangladesh tour of China,minor tour,https://www.espncricinfo.com/series/bangladesh-tour-of-china-2023-1399102/match-schedule-fixtures
400,15801,2023,Cambodia tour of China,minor tour,https://www.espncricinfo.com/series/cambodia-tour-of-china-2023-1399093/match-schedule-fixtures
401,15806,2023,Hong Kong tour of China,minor tour,https://www.espncricinfo.com/series/hong-kong-tour-of-china-2023-1399098/match-schedule-fixtures
402,15807,2023,India tour of China,minor tour,https://www.espncricinfo.com/series/india-tour-of-china-2023-1399099/match-schedule-fixtures
403,15802,2023,Japan tour of China,minor tour,https://www.espncricinfo.com/series/japan-tour-of-china-2023-1399094/match-schedule-fixtures
404,15803,2023,Malaysia tour of China,minor tour,https://www.espncricinfo.com/series/malaysia-tour-of-china-2023-1399095/match-schedule-fixtures
405,15805,2023,Maldives tour of China,minor tour,https://www.espncricinfo.com/series/maldives-tour-of-china-2023-1399097/match-schedule-fixtures
406,15799,2023,Mongolia tour of China,minor tour,https://www.espncricinfo.com/series/mongolia-tour-of-china-2023-1399085/match-schedule-fixtures
407,15800,2023,Nepal tour of China,minor tour,https://www.espncricinfo.com/series/nepal-tour-of-china-2023-1399086/match-schedule-fixtures
408,15808,2023,Pakistan tour of China,minor tour,https://www.espncricinfo.com/series/pakistan-tour-of-china-2023-1399100/match-schedule-fixtures
409,15804,2023,Singapore tour of China,minor tour,https://www.espncricinfo.com/series/singapore-tour-of-china-2023-1399096/match-schedule-fixtures
410,15809,2023,Sri Lanka tour of China,minor tour,https://www.espncricinfo.com/series/sri-lanka-tour-of-china-2023-1399101/match-schedule-fixtures
411,15811,2023,Thailand tour of China,minor tour,https://www.espncricinfo.com/series/thailand-tour-of-china-2023-1399103/match-schedule-fixtures
412,15837,2023,Afghanistan tour of China,minor tour,https://www.espncricinfo.com/series/afghanistan-tour-of-china-2023-1400832/match-schedule-fixtures
